metric	mean_repa	mean_sit	mean_delta	mean_abs_delta	mean_oriented_gain	win_rate	best_gain	worst_gain	num_points
objectness_iou	0.6008768371726191	0.5369601099107142	0.06391672726190477	0.10104949232142857	0.06391672726190477	0.7202380952380952	0.37396486	-0.20467518	336
boundary_f1	0.5038468155654762	0.46600983383928574	0.03783698172619047	0.045931588928571424	0.03783698172619047	0.7619047619047619	0.20440328999999996	-0.15851826999999996	336
patch_miou	0.4672505999702381	0.443394638452381	0.023855961517857144	0.03694150729166667	0.023855961517857144	0.7470238095238095	0.17716225000000002	-0.09492256999999998	336
